{
  "project_info": {
    "project_number": "1010380829259",
    "project_id": "miniproject2-21dd9",
    "storage_bucket": "miniproject2-21dd9.appspot.com"
  },
  "client": [
    {
      "client_info": {
        "mobilesdk_app_id": "1:1010380829259:android:5c7cfff96fabf68d30d3ce",
        "android_client_info": {
          "package_name": "com.yusaksatria.miniproject2"
        }
      },
      "oauth_client": [
        {
          "client_id": "1010380829259-bvh3pef2d1ohqst9linjsa3i968v0qr5.apps.googleusercontent.com",
          "client_type": 3
        }
      ],
      "api_key": [
        {
          "current_key": "AIzaSyBIAbT0Zz7XTBFcdvoZVjB_B_CiAwtfJG4"
        }
      ],
      "services": {
        "appinvite_service": {
          "other_platform_oauth_client": [
            {
              "client_id": "1010380829259-bvh3pef2d1ohqst9linjsa3i968v0qr5.apps.googleusercontent.com",
              "client_type": 3
            }
          ]
        }
      }
    }
  ],
  "configuration_version": "1"
}